{"cameraMode":{"drawMode":0,"name":"Shaded","section":"Shading Mode"},"sceneLighting":true,"audioPlay":false,"sceneViewState":{"m_AlwaysRefresh":false,"showFog":true,"showSkybox":true,"showFlares":true,"showImageEffects":true,"showParticleSystems":true,"showVisualEffectGraphs":true,"m_FxEnabled":true},"in2DMode":false,"pivot":{"x":7.9121503829956059,"y":1.0507853031158448,"z":9.887591361999512},"rotation":{"x":-0.18797019124031068,"y":-0.046538420021533969,"z":0.008916954509913922,"w":-0.9810349941253662},"size":2.5695760250091554,"orthographic":false}